{"cameraMode":{"drawMode":0,"name":"Shaded","section":"Shading Mode"},"sceneLighting":false,"audioPlay":false,"sceneViewState":{"showFog":true,"showMaterialUpdate":false,"showSkybox":false,"showFlares":true,"showImageEffects":true,"showParticleSystems":true},"in2DMode":false,"pivot":{"x":-7.710000038146973,"y":5.41626501083374,"z":-4.852485656738281},"rotation":{"x":0.003212231444194913,"y":-0.7349059581756592,"z":-0.0007647129241377115,"w":-0.6781986951828003},"size":9.966034889221192,"orthographic":false}