{"cameraMode":{"drawMode":0,"name":"Shaded","section":"Shading Mode"},"sceneLighting":false,"audioPlay":false,"sceneViewState":{"showFog":true,"showMaterialUpdate":false,"showSkybox":false,"showFlares":true,"showImageEffects":true,"showParticleSystems":true},"in2DMode":false,"pivot":{"x":-2.740000009536743,"y":3.8199996948242189,"z":-0.5799999237060547},"rotation":{"x":0.15353168547153474,"y":0.1459254026412964,"z":-0.02526584081351757,"w":0.976991593837738},"size":2.8578834533691408,"orthographic":false}