{"cameraMode":{"drawMode":0,"name":"Shaded","section":"Shading Mode"},"sceneLighting":false,"audioPlay":false,"sceneViewState":{"showFog":true,"showMaterialUpdate":false,"showSkybox":false,"showFlares":true,"showImageEffects":true,"showParticleSystems":true},"in2DMode":false,"pivot":{"x":-6.826286792755127,"y":2.4395036697387697,"z":-1.384843349456787},"rotation":{"x":-0.1721273511648178,"y":-0.6561727523803711,"z":0.1600683331489563,"w":-0.717105507850647},"size":5.2578840255737309,"orthographic":false}