{"cameraMode":{"drawMode":0,"name":"Shaded","section":"Shading Mode"},"sceneLighting":false,"audioPlay":false,"sceneViewState":{"showFog":false,"showMaterialUpdate":false,"showSkybox":false,"showFlares":false,"showImageEffects":false,"showParticleSystems":false},"in2DMode":false,"pivot":{"x":-10.40999984741211,"y":4.230000019073486,"z":-1.9900000095367432},"rotation":{"x":-0.10169273614883423,"y":-0.25171756744384768,"z":0.0266056377440691,"w":-0.9620797634124756},"size":0.00005634145418298431,"orthographic":false}