{"cameraMode":{"drawMode":0,"name":"Shaded","section":"Shading Mode"},"sceneLighting":false,"audioPlay":false,"sceneViewState":{"showFog":false,"showMaterialUpdate":false,"showSkybox":false,"showFlares":false,"showImageEffects":false,"showParticleSystems":false},"in2DMode":false,"pivot":{"x":1.464345097541809,"y":2.1296660900115969,"z":-5.547651290893555},"rotation":{"x":-0.11404713988304138,"y":0.016357826068997384,"z":-0.001891167601570487,"w":-0.9933539628982544},"size":13.097177505493164,"orthographic":false}