{"cameraMode":{"drawMode":0,"name":"Shaded","section":"Shading Mode"},"sceneLighting":false,"audioPlay":false,"sceneViewState":{"showFog":true,"showMaterialUpdate":false,"showSkybox":false,"showFlares":true,"showImageEffects":true,"showParticleSystems":true},"in2DMode":false,"pivot":{"x":-15.947789192199707,"y":4.163679122924805,"z":-9.576234817504883},"rotation":{"x":-0.08789203315973282,"y":-0.11067398637533188,"z":0.011673812754452229,"w":-0.9899191856384277},"size":1.92946195602417,"orthographic":false}