{"cameraMode":{"drawMode":0,"name":"Shaded","section":"Shading Mode"},"sceneLighting":false,"audioPlay":false,"sceneViewState":{"showFog":true,"showMaterialUpdate":false,"showSkybox":false,"showFlares":true,"showImageEffects":true,"showParticleSystems":true},"in2DMode":false,"pivot":{"x":-15.474363327026368,"y":3.8913803100585939,"z":-10.306538581848145},"rotation":{"x":-0.03478193283081055,"y":0.019050205126404764,"z":0.0011693647829815746,"w":-0.9992380738258362},"size":3.9194765090942385,"orthographic":false}