{"cameraMode":{"drawMode":0,"name":"Shaded","section":"Shading Mode"},"sceneLighting":false,"audioPlay":false,"sceneViewState":{"showFog":false,"showMaterialUpdate":false,"showSkybox":false,"showFlares":false,"showImageEffects":false,"showParticleSystems":false},"in2DMode":false,"pivot":{"x":-15.927347183227539,"y":4.054958820343018,"z":-8.183660507202149},"rotation":{"x":-0.07297074049711228,"y":-0.1440039426088333,"z":0.010646596550941468,"w":-0.9868342876434326},"size":5.229462623596191,"orthographic":false}