{"cameraMode":{"drawMode":0,"name":"Shaded","section":"Shading Mode"},"sceneLighting":false,"audioPlay":false,"sceneViewState":{"showFog":true,"showMaterialUpdate":false,"showSkybox":false,"showFlares":true,"showImageEffects":true,"showParticleSystems":true},"in2DMode":false,"pivot":{"x":-11.326075553894043,"y":4.748024940490723,"z":-2.6097702980041506},"rotation":{"x":0.003212231444194913,"y":-0.7349059581756592,"z":-0.0007647129241377115,"w":-0.6781986951828003},"size":12.883419036865235,"orthographic":false}