{"cameraMode":{"drawMode":0,"name":"Shaded","section":"Shading Mode"},"sceneLighting":false,"audioPlay":false,"sceneViewState":{"showFog":false,"showMaterialUpdate":false,"showSkybox":false,"showFlares":false,"showImageEffects":false,"showParticleSystems":false},"in2DMode":false,"pivot":{"x":-9.630000114440918,"y":4.889999866485596,"z":-1.8700000047683716},"rotation":{"x":0.009005951695144177,"y":0.2542935311794281,"z":-0.0023596526589244606,"w":0.9670955538749695},"size":4.286835670471191,"orthographic":false}